recv_ts_utc,exch_ts_ms,inst_id,side,pos_side,sz,bk_px,raw_json
2026-09-01T00:00:09.205842Z,1788220808667,SKHYNIX-USDT-SWAP,sell,long,1.667,1221.04,"{""bkLoss"":""0"",""bkPx"":""1221.04"",""ccy"":"""",""posSide"":""long"",""side"":""sell"",""sz"":""1.667"",""ts"":""1788220808667""}"
2026-09-01T00:00:11.004499Z,1788220809632,SKHYNIX-USDT-SWAP,sell,long,0.969,1220.7,"{""bkLoss"":""0"",""bkPx"":""1220.7"",""ccy"":"""",""posSide"":""long"",""side"":""sell"",""sz"":""0.969"",""ts"":""1788220809632""}"
2026-09-01T00:00:50.758186Z,1788220849808,CL-USDT-SWAP,buy,short,3,86.49,"{""bkLoss"":""0"",""bkPx"":""86.49"",""ccy"":"""",""posSide"":""short"",""side"":""buy"",""sz"":""3"",""ts"":""1788220849808""}"
2026-09-01T00:01:06.776744Z,1788220865902,ZORA-USDT-SWAP,sell,long,38,0.008651,"{""bkLoss"":""0"",""bkPx"":""0.008651"",""ccy"":"""",""posSide"":""long"",""side"":""sell"",""sz"":""38"",""ts"":""1788220865902""}"
2026-09-01T00:01:06.863302Z,1788220866024,ZORA-USDT-SWAP,sell,long,2,0.008651,"{""bkLoss"":""0"",""bkPx"":""0.008651"",""ccy"":"""",""posSide"":""long"",""side"":""sell"",""sz"":""2"",""ts"":""1788220866024""}"
2026-09-01T00:01:07.641668Z,1788220866600,PUMP-USDT-SWAP,buy,short,353,0.004446,"{""bkLoss"":""0"",""bkPx"":""0.004446"",""ccy"":"""",""posSide"":""short"",""side"":""buy"",""sz"":""353"",""ts"":""1788220866600""}"
2026-09-01T00:01:08.165919Z,1788220867054,ZORA-USDT-SWAP,sell,long,66,0.008582,"{""bkLoss"":""0"",""bkPx"":""0.008582"",""ccy"":"""",""posSide"":""long"",""side"":""sell"",""sz"":""66"",""ts"":""1788220867054""}"
2026-09-01T00:01:09.456243Z,1788220868230,ZORA-USDT-SWAP,sell,long,633,0.008544,"{""bkLoss"":""0"",""bkPx"":""0.008544"",""ccy"":"""",""posSide"":""long"",""side"":""sell"",""sz"":""633"",""ts"":""1788220868230""}"
2026-09-01T00:01:15.251357Z,1788220874082,ZORA-USDT-SWAP,sell,long,1452,0.008531,"{""bkLoss"":""0"",""bkPx"":""0.008531"",""ccy"":"""",""posSide"":""long"",""side"":""sell"",""sz"":""1452"",""ts"":""1788220874082""}"
2026-09-01T00:01:17.489691Z,1788220876517,ZORA-USDT-SWAP,sell,long,255,0.008504,"{""bkLoss"":""0"",""bkPx"":""0.008504"",""ccy"":"""",""posSide"":""long"",""side"":""sell"",""sz"":""255"",""ts"":""1788220876517""}"
2026-09-01T00:01:19.268773Z,1788220878232,ZORA-USDT-SWAP,sell,long,520,0.008491,"{""bkLoss"":""0"",""bkPx"":""0.008491"",""ccy"":"""",""posSide"":""long"",""side"":""sell"",""sz"":""520"",""ts"":""1788220878232""}"
2026-09-01T00:01:26.821912Z,1788220886164,ZORA-USDT-SWAP,sell,long,220,0.008489,"{""bkLoss"":""0"",""bkPx"":""0.008489"",""ccy"":"""",""posSide"":""long"",""side"":""sell"",""sz"":""220"",""ts"":""1788220886164""}"
2026-09-01T00:01:28.196937Z,1788220887009,ZORA-USDT-SWAP,sell,long,9317,0.00847,"{""bkLoss"":""0"",""bkPx"":""0.00847"",""ccy"":"""",""posSide"":""long"",""side"":""sell"",""sz"":""9317"",""ts"":""1788220887009""}"
2026-09-01T00:01:48.666677Z,1788220907834,SKHYNIX-USDT-SWAP,sell,long,0.069,1214.05,"{""bkLoss"":""0"",""bkPx"":""1214.05"",""ccy"":"""",""posSide"":""long"",""side"":""sell"",""sz"":""0.069"",""ts"":""1788220907834""}"
2026-09-01T00:02:50.414355Z,1788220969458,ARB-USDT-SWAP,sell,long,811.2,0.10834,"{""bkLoss"":""0"",""bkPx"":""0.10834"",""ccy"":"""",""posSide"":""long"",""side"":""sell"",""sz"":""811.2"",""ts"":""1788220969458""}"
2026-09-01T00:02:50.809609Z,1788220970075,ARB-USDT-SWAP,sell,long,267.2,0.10821,"{""bkLoss"":""0"",""bkPx"":""0.10821"",""ccy"":"""",""posSide"":""long"",""side"":""sell"",""sz"":""267.2"",""ts"":""1788220970075""}"
2026-09-01T00:02:54.162769Z,1788220972720,ARB-USDT-SWAP,sell,long,285.6,0.10804,"{""bkLoss"":""0"",""bkPx"":""0.10804"",""ccy"":"""",""posSide"":""long"",""side"":""sell"",""sz"":""285.6"",""ts"":""1788220972720""}"
2026-09-01T00:02:57.189175Z,1788220975951,ARB-USDT-SWAP,sell,long,539.9,0.10802,"{""bkLoss"":""0"",""bkPx"":""0.10802"",""ccy"":"""",""posSide"":""long"",""side"":""sell"",""sz"":""539.9"",""ts"":""1788220975951""}"
2026-09-01T00:03:07.434511Z,1788220986547,ARB-USDT-SWAP,sell,long,311.6,0.10793,"{""bkLoss"":""0"",""bkPx"":""0.10793"",""ccy"":"""",""posSide"":""long"",""side"":""sell"",""sz"":""311.6"",""ts"":""1788220986547""}"
2026-09-01T00:03:08.539656Z,1788220987149,ARB-USDT-SWAP,sell,long,183.4,0.10789,"{""bkLoss"":""0"",""bkPx"":""0.10789"",""ccy"":"""",""posSide"":""long"",""side"":""sell"",""sz"":""183.4"",""ts"":""1788220987149""}"
2026-09-01T00:03:08.800335Z,1788220987958,CRV-USDT-SWAP,buy,short,251,0.3406,"{""bkLoss"":""0"",""bkPx"":""0.3406"",""ccy"":"""",""posSide"":""short"",""side"":""buy"",""sz"":""251"",""ts"":""1788220987958""}"
2026-09-01T00:03:13.841492Z,1788220992766,CRV-USDT-SWAP,buy,short,959,0.3411,"{""bkLoss"":""0"",""bkPx"":""0.3411"",""ccy"":"""",""posSide"":""short"",""side"":""buy"",""sz"":""959"",""ts"":""1788220992766""}"
2026-09-01T00:03:55.212754Z,1788221033863,CRV-USDT-SWAP,buy,short,1189,0.3417,"{""bkLoss"":""0"",""bkPx"":""0.3417"",""ccy"":"""",""posSide"":""short"",""side"":""buy"",""sz"":""1189"",""ts"":""1788221033863""}"
2026-09-01T00:03:56.576417Z,1788221035342,CRV-USDT-SWAP,buy,short,11859,0.3421,"{""bkLoss"":""0"",""bkPx"":""0.3421"",""ccy"":"""",""posSide"":""short"",""side"":""buy"",""sz"":""11859"",""ts"":""1788221035342""}"
2026-09-01T00:03:59.670214Z,1788221038734,ARB-USDT-SWAP,sell,long,1890.2,0.10781,"{""bkLoss"":""0"",""bkPx"":""0.10781"",""ccy"":"""",""posSide"":""long"",""side"":""sell"",""sz"":""1890.2"",""ts"":""1788221038734""}"
2026-09-01T00:04:08.948351Z,1788221047417,CL-USDT-SWAP,buy,short,100,86.56,"{""bkLoss"":""0"",""bkPx"":""86.56"",""ccy"":"""",""posSide"":""short"",""side"":""buy"",""sz"":""100"",""ts"":""1788221047417""}"
2026-09-01T00:04:14.978085Z,1788221053795,ARB-USDT-SWAP,sell,long,204.5,0.10762,"{""bkLoss"":""0"",""bkPx"":""0.10762"",""ccy"":"""",""posSide"":""long"",""side"":""sell"",""sz"":""204.5"",""ts"":""1788221053795""}"
2026-09-01T00:04:22.313715Z,1788221061274,CRV-USDT-SWAP,buy,short,3637,0.3426,"{""bkLoss"":""0"",""bkPx"":""0.3426"",""ccy"":"""",""posSide"":""short"",""side"":""buy"",""sz"":""3637"",""ts"":""1788221061274""}"
2026-09-01T00:04:23.197644Z,1788221062138,ARB-USDT-SWAP,sell,long,75.4,0.10761,"{""bkLoss"":""0"",""bkPx"":""0.10761"",""ccy"":"""",""posSide"":""long"",""side"":""sell"",""sz"":""75.4"",""ts"":""1788221062138""}"
2026-09-01T00:04:41.041531Z,1788221079499,ARB-USDT-SWAP,sell,long,277.4,0.10752,"{""bkLoss"":""0"",""bkPx"":""0.10752"",""ccy"":"""",""posSide"":""long"",""side"":""sell"",""sz"":""277.4"",""ts"":""1788221079499""}"
2026-09-01T00:04:43.161780Z,1788221082238,ARB-USDT-SWAP,sell,long,2,0.10737,"{""bkLoss"":""0"",""bkPx"":""0.10737"",""ccy"":"""",""posSide"":""long"",""side"":""sell"",""sz"":""2"",""ts"":""1788221082238""}"
2026-09-01T00:06:16.941203Z,1788221175953,DASH-USDT-SWAP,buy,short,320,45.42,"{""bkLoss"":""0"",""bkPx"":""45.42"",""ccy"":"""",""posSide"":""short"",""side"":""buy"",""sz"":""320"",""ts"":""1788221175953""}"
2026-09-01T00:06:25.378214Z,1788221184418,ARB-USDT-SWAP,buy,short,38.9,0.10868,"{""bkLoss"":""0"",""bkPx"":""0.10868"",""ccy"":"""",""posSide"":""short"",""side"":""buy"",""sz"":""38.9"",""ts"":""1788221184418""}"
2026-09-01T00:06:39.006713Z,1788221198004,CRV-USDT-SWAP,buy,short,1414,0.3447,"{""bkLoss"":""0"",""bkPx"":""0.3447"",""ccy"":"""",""posSide"":""short"",""side"":""buy"",""sz"":""1414"",""ts"":""1788221198004""}"
2026-09-01T00:06:39.108868Z,1788221197957,CRV-USDT-SWAP,buy,short,6347,0.3447,"{""bkLoss"":""0"",""bkPx"":""0.3447"",""ccy"":"""",""posSide"":""short"",""side"":""buy"",""sz"":""6347"",""ts"":""1788221197957""}"
2026-09-01T00:07:02.940788Z,1788221222015,SKHYNIX-USDT-SWAP,sell,long,0.796,1213.11,"{""bkLoss"":""0"",""bkPx"":""1213.11"",""ccy"":"""",""posSide"":""long"",""side"":""sell"",""sz"":""0.796"",""ts"":""1788221222015""}"
2026-09-01T00:08:09.769490Z,1788221288957,UNI-USDT-SWAP,buy,short,51,5.261,"{""bkLoss"":""0"",""bkPx"":""5.261"",""ccy"":"""",""posSide"":""short"",""side"":""buy"",""sz"":""51"",""ts"":""1788221288957""}"
2026-09-01T00:08:20.028458Z,1788221299204,0G-USDT-SWAP,sell,long,164,0.2208,"{""bkLoss"":""0"",""bkPx"":""0.2208"",""ccy"":"""",""posSide"":""long"",""side"":""sell"",""sz"":""164"",""ts"":""1788221299204""}"
2026-09-01T00:08:21.022477Z,1788221300247,ARB-USDT-SWAP,buy,short,569.2,0.10915,"{""bkLoss"":""0"",""bkPx"":""0.10915"",""ccy"":"""",""posSide"":""short"",""side"":""buy"",""sz"":""569.2"",""ts"":""1788221300247""}"
2026-09-01T00:08:21.432715Z,1788221299412,ARB-USDT-SWAP,buy,short,71.7,0.10908,"{""bkLoss"":""0"",""bkPx"":""0.10908"",""ccy"":"""",""posSide"":""short"",""side"":""buy"",""sz"":""71.7"",""ts"":""1788221299412""}"
2026-09-01T00:08:21.484725Z,1788221300210,0G-USDT-SWAP,sell,long,176,0.2204,"{""bkLoss"":""0"",""bkPx"":""0.2204"",""ccy"":"""",""posSide"":""long"",""side"":""sell"",""sz"":""176"",""ts"":""1788221300210""}"
2026-09-01T00:08:22.830293Z,1788221301852,0G-USDT-SWAP,sell,long,5000,0.2202,"{""bkLoss"":""0"",""bkPx"":""0.2202"",""ccy"":"""",""posSide"":""long"",""side"":""sell"",""sz"":""5000"",""ts"":""1788221301852""}"
2026-09-01T00:08:24.465706Z,1788221303514,ARB-USDT-SWAP,buy,short,189.6,0.10935,"{""bkLoss"":""0"",""bkPx"":""0.10935"",""ccy"":"""",""posSide"":""short"",""side"":""buy"",""sz"":""189.6"",""ts"":""1788221303514""}"
2026-09-01T00:08:31.361043Z,1788221310336,PUMP-USDT-SWAP,buy,short,50,0.004474,"{""bkLoss"":""0"",""bkPx"":""0.004474"",""ccy"":"""",""posSide"":""short"",""side"":""buy"",""sz"":""50"",""ts"":""1788221310336""}"
2026-09-01T00:09:09.016051Z,1788221347783,AUCTION-USDT-SWAP,buy,short,702,3.492,"{""bkLoss"":""0"",""bkPx"":""3.492"",""ccy"":"""",""posSide"":""short"",""side"":""buy"",""sz"":""702"",""ts"":""1788221347783""}"
2026-09-01T00:10:25.507246Z,1788221423916,PUMP-USDT-SWAP,buy,short,9,0.004478,"{""bkLoss"":""0"",""bkPx"":""0.004478"",""ccy"":"""",""posSide"":""short"",""side"":""buy"",""sz"":""9"",""ts"":""1788221423916""}"
2026-09-01T00:10:26.563138Z,1788221425432,PUMP-USDT-SWAP,buy,short,15,0.004479,"{""bkLoss"":""0"",""bkPx"":""0.004479"",""ccy"":"""",""posSide"":""short"",""side"":""buy"",""sz"":""15"",""ts"":""1788221425432""}"
2026-09-01T00:11:03.901392Z,1788221462908,XAU-USDT-SWAP,buy,short,195,4461.4,"{""bkLoss"":""0"",""bkPx"":""4461.4"",""ccy"":"""",""posSide"":""short"",""side"":""buy"",""sz"":""195"",""ts"":""1788221462908""}"
2026-09-01T00:11:04.395512Z,1788221463093,XAU-USDT-SWAP,buy,short,2,4461.4,"{""bkLoss"":""0"",""bkPx"":""4461.4"",""ccy"":"""",""posSide"":""short"",""side"":""buy"",""sz"":""2"",""ts"":""1788221463093""}"
2026-09-01T00:11:07.465732Z,1788221466284,AUCTION-USDT-SWAP,buy,short,6,3.527,"{""bkLoss"":""0"",""bkPx"":""3.527"",""ccy"":"""",""posSide"":""short"",""side"":""buy"",""sz"":""6"",""ts"":""1788221466284""}"
2026-09-01T00:11:31.190922Z,1788221490478,PUMP-USDT-SWAP,buy,short,1627,0.004491,"{""bkLoss"":""0"",""bkPx"":""0.004491"",""ccy"":"""",""posSide"":""short"",""side"":""buy"",""sz"":""1627"",""ts"":""1788221490478""}"
2026-09-01T00:11:32.893786Z,1788221491696,PUMP-USDT-SWAP,buy,short,255,0.004493,"{""bkLoss"":""0"",""bkPx"":""0.004493"",""ccy"":"""",""posSide"":""short"",""side"":""buy"",""sz"":""255"",""ts"":""1788221491696""}"
2026-09-01T00:11:40.018312Z,1788221498772,PUMP-USDT-SWAP,buy,short,33,0.004497,"{""bkLoss"":""0"",""bkPx"":""0.004497"",""ccy"":"""",""posSide"":""short"",""side"":""buy"",""sz"":""33"",""ts"":""1788221498772""}"
2026-09-01T00:12:07.185878Z,1788221525892,0G-USDT-SWAP,buy,short,12306,0.2269,"{""bkLoss"":""0"",""bkPx"":""0.2269"",""ccy"":"""",""posSide"":""short"",""side"":""buy"",""sz"":""12306"",""ts"":""1788221525892""}"
2026-09-01T00:12:14.171999Z,1788221532738,ARB-USDT-SWAP,buy,short,992,0.1098,"{""bkLoss"":""0"",""bkPx"":""0.1098"",""ccy"":"""",""posSide"":""short"",""side"":""buy"",""sz"":""992"",""ts"":""1788221532738""}"
2026-09-01T00:12:14.690917Z,1788221533413,ARB-USDT-SWAP,buy,short,3107.1,0.10983,"{""bkLoss"":""0"",""bkPx"":""0.10983"",""ccy"":"""",""posSide"":""short"",""side"":""buy"",""sz"":""3107.1"",""ts"":""1788221533413""}"
2026-09-01T00:12:14.710464Z,1788221534016,ARB-USDT-SWAP,buy,short,0.6,0.11031,"{""bkLoss"":""0"",""bkPx"":""0.11031"",""ccy"":"""",""posSide"":""short"",""side"":""buy"",""sz"":""0.6"",""ts"":""1788221534016""}"
2026-09-01T00:12:16.780537Z,1788221536159,ARB-USDT-SWAP,buy,short,3.9,0.11074,"{""bkLoss"":""0"",""bkPx"":""0.11074"",""ccy"":"""",""posSide"":""short"",""side"":""buy"",""sz"":""3.9"",""ts"":""1788221536159""}"
2026-09-01T00:12:24.719927Z,1788221543373,PUMP-USDT-SWAP,buy,short,11,0.004504,"{""bkLoss"":""0"",""bkPx"":""0.004504"",""ccy"":"""",""posSide"":""short"",""side"":""buy"",""sz"":""11"",""ts"":""1788221543373""}"
2026-09-01T00:12:45.829786Z,1788221565005,ANIME-USDT-SWAP,sell,long,20681,0.002786,"{""bkLoss"":""0"",""bkPx"":""0.002786"",""ccy"":"""",""posSide"":""long"",""side"":""sell"",""sz"":""20681"",""ts"":""1788221565005""}"
2026-09-01T00:12:45.833213Z,1788221565005,RLS-USDT-SWAP,sell,long,754,0.001926,"{""bkLoss"":""0"",""bkPx"":""0.001926"",""ccy"":"""",""posSide"":""long"",""side"":""sell"",""sz"":""754"",""ts"":""1788221565005""}"
2026-09-01T00:12:48.867061Z,1788221567486,PUMP-USDT-SWAP,buy,short,26,0.004506,"{""bkLoss"":""0"",""bkPx"":""0.004506"",""ccy"":"""",""posSide"":""short"",""side"":""buy"",""sz"":""26"",""ts"":""1788221567486""}"
2026-09-01T00:12:50.420321Z,1788221568982,PUMP-USDT-SWAP,buy,short,6,0.004508,"{""bkLoss"":""0"",""bkPx"":""0.004508"",""ccy"":"""",""posSide"":""short"",""side"":""buy"",""sz"":""6"",""ts"":""1788221568982""}"
2026-09-01T00:12:50.424322Z,1788221569144,PUMP-USDT-SWAP,buy,short,66,0.004508,"{""bkLoss"":""0"",""bkPx"":""0.004508"",""ccy"":"""",""posSide"":""short"",""side"":""buy"",""sz"":""66"",""ts"":""1788221569144""}"
2026-09-01T00:12:53.212672Z,1788221572265,PUMP-USDT-SWAP,buy,short,192,0.004516,"{""bkLoss"":""0"",""bkPx"":""0.004516"",""ccy"":"""",""posSide"":""short"",""side"":""buy"",""sz"":""192"",""ts"":""1788221572265""}"
2026-09-01T00:12:57.122555Z,1788221575961,PUMP-USDT-SWAP,buy,short,15,0.004519,"{""bkLoss"":""0"",""bkPx"":""0.004519"",""ccy"":"""",""posSide"":""short"",""side"":""buy"",""sz"":""15"",""ts"":""1788221575961""}"
2026-09-01T00:12:57.398971Z,1788221576060,PUMP-USDT-SWAP,buy,short,7369,0.004519,"{""bkLoss"":""0"",""bkPx"":""0.004519"",""ccy"":"""",""posSide"":""short"",""side"":""buy"",""sz"":""7369"",""ts"":""1788221576060""}"
2026-09-01T00:12:57.781495Z,1788221576512,ENA-USDT-SWAP,buy,short,16,0.15149,"{""bkLoss"":""0"",""bkPx"":""0.15149"",""ccy"":"""",""posSide"":""short"",""side"":""buy"",""sz"":""16"",""ts"":""1788221576512""}"
2026-09-01T00:13:11.751681Z,1788221590840,UNI-USDT-SWAP,buy,short,2267,5.296,"{""bkLoss"":""0"",""bkPx"":""5.296"",""ccy"":"""",""posSide"":""short"",""side"":""buy"",""sz"":""2267"",""ts"":""1788221590840""}"
2026-09-01T00:13:12.468647Z,1788221591077,STRK-USDT-SWAP,buy,short,8264,0.02635,"{""bkLoss"":""0"",""bkPx"":""0.02635"",""ccy"":"""",""posSide"":""short"",""side"":""buy"",""sz"":""8264"",""ts"":""1788221591077""}"
2026-09-01T00:13:12.470231Z,1788221591101,UNI-USDT-SWAP,buy,short,156,5.299,"{""bkLoss"":""0"",""bkPx"":""5.299"",""ccy"":"""",""posSide"":""short"",""side"":""buy"",""sz"":""156"",""ts"":""1788221591101""}"
2026-09-01T00:13:14.592122Z,1788221593474,UNI-USDT-SWAP,buy,short,13,5.3,"{""bkLoss"":""0"",""bkPx"":""5.3"",""ccy"":"""",""posSide"":""short"",""side"":""buy"",""sz"":""13"",""ts"":""1788221593474""}"
2026-09-01T00:13:18.436514Z,1788221597043,UNI-USDT-SWAP,buy,short,240,5.302,"{""bkLoss"":""0"",""bkPx"":""5.302"",""ccy"":"""",""posSide"":""short"",""side"":""buy"",""sz"":""240"",""ts"":""1788221597043""}"
2026-09-01T00:13:19.687539Z,1788221598299,SNDK-USDT-SWAP,sell,long,0.321,1543,"{""bkLoss"":""0"",""bkPx"":""1543"",""ccy"":"""",""posSide"":""long"",""side"":""sell"",""sz"":""0.321"",""ts"":""1788221598299""}"
2026-09-01T00:13:20.724286Z,1788221599241,SNDK-USDT-SWAP,sell,long,0.281,1542.69,"{""bkLoss"":""0"",""bkPx"":""1542.69"",""ccy"":"""",""posSide"":""long"",""side"":""sell"",""sz"":""0.281"",""ts"":""1788221599241""}"
2026-09-01T00:13:21.531312Z,1788221600490,UNI-USDT-SWAP,buy,short,38,5.305,"{""bkLoss"":""0"",""bkPx"":""5.305"",""ccy"":"""",""posSide"":""short"",""side"":""buy"",""sz"":""38"",""ts"":""1788221600490""}"
2026-09-01T00:13:21.698838Z,1788221600073,SNDK-USDT-SWAP,sell,long,0.462,1542.31,"{""bkLoss"":""0"",""bkPx"":""1542.31"",""ccy"":"""",""posSide"":""long"",""side"":""sell"",""sz"":""0.462"",""ts"":""1788221600073""}"
2026-09-01T00:13:24.409328Z,1788221603401,SNDK-USDT-SWAP,sell,long,0.146,1542.04,"{""bkLoss"":""0"",""bkPx"":""1542.04"",""ccy"":"""",""posSide"":""long"",""side"":""sell"",""sz"":""0.146"",""ts"":""1788221603401""}"
2026-09-01T00:13:35.661309Z,1788221614232,SKHYNIX-USDT-SWAP,sell,long,0.548,1211.82,"{""bkLoss"":""0"",""bkPx"":""1211.82"",""ccy"":"""",""posSide"":""long"",""side"":""sell"",""sz"":""0.548"",""ts"":""1788221614232""}"
2026-09-01T00:13:49.079343Z,1788221628184,SKHYNIX-USDT-SWAP,sell,long,0.064,1211.66,"{""bkLoss"":""0"",""bkPx"":""1211.66"",""ccy"":"""",""posSide"":""long"",""side"":""sell"",""sz"":""0.064"",""ts"":""1788221628184""}"
2026-09-01T00:13:57.672797Z,1788221636613,XAU-USDT-SWAP,buy,short,347,4461.7,"{""bkLoss"":""0"",""bkPx"":""4461.7"",""ccy"":"""",""posSide"":""short"",""side"":""buy"",""sz"":""347"",""ts"":""1788221636613""}"
2026-09-01T00:14:07.688741Z,1788221646468,PUMP-USDT-SWAP,buy,short,72,0.004525,"{""bkLoss"":""0"",""bkPx"":""0.004525"",""ccy"":"""",""posSide"":""short"",""side"":""buy"",""sz"":""72"",""ts"":""1788221646468""}"
2026-09-01T00:14:16.958064Z,1788221656052,PUMP-USDT-SWAP,buy,short,2068,0.004533,"{""bkLoss"":""0"",""bkPx"":""0.004533"",""ccy"":"""",""posSide"":""short"",""side"":""buy"",""sz"":""2068"",""ts"":""1788221656052""}"
2026-09-01T00:14:18.449510Z,1788221657234,XAU-USDT-SWAP,buy,short,72,4461.8,"{""bkLoss"":""0"",""bkPx"":""4461.8"",""ccy"":"""",""posSide"":""short"",""side"":""buy"",""sz"":""72"",""ts"":""1788221657234""}"
2026-09-01T00:14:21.245553Z,1788221660138,XAU-USDT-SWAP,buy,short,41,4462.3,"{""bkLoss"":""0"",""bkPx"":""4462.3"",""ccy"":"""",""posSide"":""short"",""side"":""buy"",""sz"":""41"",""ts"":""1788221660138""}"
2026-09-01T00:14:24.564048Z,1788221663544,OP-USDT-SWAP,buy,short,938,0.09461,"{""bkLoss"":""0"",""bkPx"":""0.09461"",""ccy"":"""",""posSide"":""short"",""side"":""buy"",""sz"":""938"",""ts"":""1788221663544""}"
2026-09-01T00:14:42.729102Z,1788221681492,UNI-USDT-SWAP,buy,short,208,5.311,"{""bkLoss"":""0"",""bkPx"":""5.311"",""ccy"":"""",""posSide"":""short"",""side"":""buy"",""sz"":""208"",""ts"":""1788221681492""}"
2026-09-01T00:14:57.067797Z,1788221695852,UNI-USDT-SWAP,buy,short,129,5.32,"{""bkLoss"":""0"",""bkPx"":""5.32"",""ccy"":"""",""posSide"":""short"",""side"":""buy"",""sz"":""129"",""ts"":""1788221695852""}"
2026-09-01T00:15:07.999758Z,1788221706690,INJ-USDT-SWAP,sell,long,60,4.852,"{""bkLoss"":""0"",""bkPx"":""4.852"",""ccy"":"""",""posSide"":""long"",""side"":""sell"",""sz"":""60"",""ts"":""1788221706690""}"
2026-09-01T00:15:15.784320Z,1788221715045,PUMP-USDT-SWAP,buy,short,500,0.004553,"{""bkLoss"":""0"",""bkPx"":""0.004553"",""ccy"":"""",""posSide"":""short"",""side"":""buy"",""sz"":""500"",""ts"":""1788221715045""}"
2026-09-01T00:15:17.255744Z,1788221716580,PUMP-USDT-SWAP,buy,short,147,0.004554,"{""bkLoss"":""0"",""bkPx"":""0.004554"",""ccy"":"""",""posSide"":""short"",""side"":""buy"",""sz"":""147"",""ts"":""1788221716580""}"
2026-09-01T00:15:18.350818Z,1788221717175,PUMP-USDT-SWAP,buy,short,26,0.004558,"{""bkLoss"":""0"",""bkPx"":""0.004558"",""ccy"":"""",""posSide"":""short"",""side"":""buy"",""sz"":""26"",""ts"":""1788221717175""}"
2026-09-01T00:15:29.618475Z,1788221728186,PUMP-USDT-SWAP,buy,short,27,0.00456,"{""bkLoss"":""0"",""bkPx"":""0.00456"",""ccy"":"""",""posSide"":""short"",""side"":""buy"",""sz"":""27"",""ts"":""1788221728186""}"
2026-09-01T00:15:31.342527Z,1788221729707,PUMP-USDT-SWAP,buy,short,174,0.00457,"{""bkLoss"":""0"",""bkPx"":""0.00457"",""ccy"":"""",""posSide"":""short"",""side"":""buy"",""sz"":""174"",""ts"":""1788221729707""}"
2026-09-01T00:15:33.403993Z,1788221732418,PUMP-USDT-SWAP,buy,short,98,0.004572,"{""bkLoss"":""0"",""bkPx"":""0.004572"",""ccy"":"""",""posSide"":""short"",""side"":""buy"",""sz"":""98"",""ts"":""1788221732418""}"
2026-09-01T00:15:34.420647Z,1788221733596,UNI-USDT-SWAP,buy,short,1,5.323,"{""bkLoss"":""0"",""bkPx"":""5.323"",""ccy"":"""",""posSide"":""short"",""side"":""buy"",""sz"":""1"",""ts"":""1788221733596""}"
2026-09-01T00:15:35.068564Z,1788221734187,PUMP-USDT-SWAP,buy,short,17,0.004574,"{""bkLoss"":""0"",""bkPx"":""0.004574"",""ccy"":"""",""posSide"":""short"",""side"":""buy"",""sz"":""17"",""ts"":""1788221734187""}"
2026-09-01T00:15:36.149170Z,1788221735077,PUMP-USDT-SWAP,buy,short,4,0.004584,"{""bkLoss"":""0"",""bkPx"":""0.004584"",""ccy"":"""",""posSide"":""short"",""side"":""buy"",""sz"":""4"",""ts"":""1788221735077""}"
2026-09-01T00:15:37.364535Z,1788221736371,UNI-USDT-SWAP,buy,short,173,5.327,"{""bkLoss"":""0"",""bkPx"":""5.327"",""ccy"":"""",""posSide"":""short"",""side"":""buy"",""sz"":""173"",""ts"":""1788221736371""}"
2026-09-01T00:15:54.378051Z,1788221753497,ZEC-USDT-SWAP,buy,short,20,855.17,"{""bkLoss"":""0"",""bkPx"":""855.17"",""ccy"":"""",""posSide"":""short"",""side"":""buy"",""sz"":""20"",""ts"":""1788221753497""}"
2026-09-01T00:15:56.194328Z,1788221754839,ZEC-USDT-SWAP,buy,short,226,855.26,"{""bkLoss"":""0"",""bkPx"":""855.26"",""ccy"":"""",""posSide"":""short"",""side"":""buy"",""sz"":""226"",""ts"":""1788221754839""}"
2026-09-01T00:15:56.333065Z,1788221755439,ZEC-USDT-SWAP,buy,short,2,855.3,"{""bkLoss"":""0"",""bkPx"":""855.3"",""ccy"":"""",""posSide"":""short"",""side"":""buy"",""sz"":""2"",""ts"":""1788221755439""}"
2026-09-01T00:15:58.879221Z,1788221757455,NEAR-USDT-SWAP,buy,short,17.4,1.942,"{""bkLoss"":""0"",""bkPx"":""1.942"",""ccy"":"""",""posSide"":""short"",""side"":""buy"",""sz"":""17.4"",""ts"":""1788221757455""}"
2026-09-01T00:16:02.731364Z,1788221761701,PUMP-USDT-SWAP,buy,short,10,0.00459,"{""bkLoss"":""0"",""bkPx"":""0.00459"",""ccy"":"""",""posSide"":""short"",""side"":""buy"",""sz"":""10"",""ts"":""1788221761701""}"
2026-09-01T00:16:11.000934Z,1788221769862,PUMP-USDT-SWAP,buy,short,928,0.004611,"{""bkLoss"":""0"",""bkPx"":""0.004611"",""ccy"":"""",""posSide"":""short"",""side"":""buy"",""sz"":""928"",""ts"":""1788221769862""}"
2026-09-01T00:16:12.440749Z,1788221771113,PUMP-USDT-SWAP,buy,short,675,0.004612,"{""bkLoss"":""0"",""bkPx"":""0.004612"",""ccy"":"""",""posSide"":""short"",""side"":""buy"",""sz"":""675"",""ts"":""1788221771113""}"
2026-09-01T00:16:14.848506Z,1788221773575,UNI-USDT-SWAP,buy,short,55,5.337,"{""bkLoss"":""0"",""bkPx"":""5.337"",""ccy"":"""",""posSide"":""short"",""side"":""buy"",""sz"":""55"",""ts"":""1788221773575""}"
2026-09-01T00:16:17.245740Z,1788221776373,PUMP-USDT-SWAP,buy,short,1,0.004613,"{""bkLoss"":""0"",""bkPx"":""0.004613"",""ccy"":"""",""posSide"":""short"",""side"":""buy"",""sz"":""1"",""ts"":""1788221776373""}"
2026-09-01T00:16:21.177490Z,1788221779946,PUMP-USDT-SWAP,buy,short,4,0.004624,"{""bkLoss"":""0"",""bkPx"":""0.004624"",""ccy"":"""",""posSide"":""short"",""side"":""buy"",""sz"":""4"",""ts"":""1788221779946""}"
2026-09-01T00:16:21.285051Z,1788221780480,PUMP-USDT-SWAP,buy,short,463,0.004628,"{""bkLoss"":""0"",""bkPx"":""0.004628"",""ccy"":"""",""posSide"":""short"",""side"":""buy"",""sz"":""463"",""ts"":""1788221780480""}"
2026-09-01T00:16:22.727944Z,1788221782121,PUMP-USDT-SWAP,buy,short,19,0.00463,"{""bkLoss"":""0"",""bkPx"":""0.00463"",""ccy"":"""",""posSide"":""short"",""side"":""buy"",""sz"":""19"",""ts"":""1788221782121""}"
2026-09-01T00:16:24.692044Z,1788221783383,PUMP-USDT-SWAP,buy,short,71,0.004634,"{""bkLoss"":""0"",""bkPx"":""0.004634"",""ccy"":"""",""posSide"":""short"",""side"":""buy"",""sz"":""71"",""ts"":""1788221783383""}"
2026-09-01T00:16:25.638156Z,1788221784640,UNI-USDT-SWAP,buy,short,61,5.338,"{""bkLoss"":""0"",""bkPx"":""5.338"",""ccy"":"""",""posSide"":""short"",""side"":""buy"",""sz"":""61"",""ts"":""1788221784640""}"
2026-09-01T00:16:26.661519Z,1788221785256,PUMP-USDT-SWAP,buy,short,103,0.004635,"{""bkLoss"":""0"",""bkPx"":""0.004635"",""ccy"":"""",""posSide"":""short"",""side"":""buy"",""sz"":""103"",""ts"":""1788221785256""}"
2026-09-01T00:16:27.140165Z,1788221786028,UNI-USDT-SWAP,buy,short,136,5.34,"{""bkLoss"":""0"",""bkPx"":""5.34"",""ccy"":"""",""posSide"":""short"",""side"":""buy"",""sz"":""136"",""ts"":""1788221786028""}"
2026-09-01T00:16:44.256479Z,1788221803029,OP-USDT-SWAP,buy,short,100000,0.09469,"{""bkLoss"":""0"",""bkPx"":""0.09469"",""ccy"":"""",""posSide"":""short"",""side"":""buy"",""sz"":""100000"",""ts"":""1788221803029""}"
2026-09-01T00:16:44.478666Z,1788221803835,QQQ-USDT-SWAP,buy,short,0.07,717.19,"{""bkLoss"":""0"",""bkPx"":""717.19"",""ccy"":"""",""posSide"":""short"",""side"":""buy"",""sz"":""0.07"",""ts"":""1788221803835""}"
2026-09-01T00:16:44.485147Z,1788221803835,SOL-USDT-SWAP,buy,short,1.27,103.26,"{""bkLoss"":""0"",""bkPx"":""103.26"",""ccy"":"""",""posSide"":""short"",""side"":""buy"",""sz"":""1.27"",""ts"":""1788221803835""}"
2026-09-01T00:16:44.489571Z,1788221803836,SPX-USDT-SWAP,buy,short,153,0.5568,"{""bkLoss"":""0"",""bkPx"":""0.5568"",""ccy"":"""",""posSide"":""short"",""side"":""buy"",""sz"":""153"",""ts"":""1788221803836""}"
2026-09-01T00:16:44.493937Z,1788221803836,SKHYNIX-USDT-SWAP,buy,short,0.089,1216.61,"{""bkLoss"":""0"",""bkPx"":""1216.61"",""ccy"":"""",""posSide"":""short"",""side"":""buy"",""sz"":""0.089"",""ts"":""1788221803836""}"
2026-09-01T00:16:44.502884Z,1788221803836,XRP-USDT-SWAP,buy,short,0.72,1.3824,"{""bkLoss"":""0"",""bkPx"":""1.3824"",""ccy"":"""",""posSide"":""short"",""side"":""buy"",""sz"":""0.72"",""ts"":""1788221803836""}"
2026-09-01T00:16:44.510361Z,1788221803836,HYPE-USDT-SWAP,buy,short,3,84.315,"{""bkLoss"":""0"",""bkPx"":""84.315"",""ccy"":"""",""posSide"":""short"",""side"":""buy"",""sz"":""3"",""ts"":""1788221803836""}"
2026-09-01T00:16:51.636144Z,1788221810465,PUMP-USDT-SWAP,buy,short,263,0.004646,"{""bkLoss"":""0"",""bkPx"":""0.004646"",""ccy"":"""",""posSide"":""short"",""side"":""buy"",""sz"":""263"",""ts"":""1788221810465""}"
2026-09-01T00:16:54.009357Z,1788221812438,0G-USDT-SWAP,buy,short,108,0.2286,"{""bkLoss"":""0"",""bkPx"":""0.2286"",""ccy"":"""",""posSide"":""short"",""side"":""buy"",""sz"":""108"",""ts"":""1788221812438""}"
2026-09-01T00:16:58.005206Z,1788221816758,OP-USDT-SWAP,buy,short,1373,0.0948,"{""bkLoss"":""0"",""bkPx"":""0.0948"",""ccy"":"""",""posSide"":""short"",""side"":""buy"",""sz"":""1373"",""ts"":""1788221816758""}"
2026-09-01T00:17:03.241374Z,1788221822412,UNI-USDT-SWAP,buy,short,278,5.348,"{""bkLoss"":""0"",""bkPx"":""5.348"",""ccy"":"""",""posSide"":""short"",""side"":""buy"",""sz"":""278"",""ts"":""1788221822412""}"
2026-09-01T00:17:03.607765Z,1788221822621,PUMP-USDT-SWAP,buy,short,118,0.004652,"{""bkLoss"":""0"",""bkPx"":""0.004652"",""ccy"":"""",""posSide"":""short"",""side"":""buy"",""sz"":""118"",""ts"":""1788221822621""}"
2026-09-01T00:17:05.618475Z,1788221824521,WLD-USDT-SWAP,buy,short,202,0.368,"{""bkLoss"":""0"",""bkPx"":""0.368"",""ccy"":"""",""posSide"":""short"",""side"":""buy"",""sz"":""202"",""ts"":""1788221824521""}"
2026-09-01T00:17:09.519013Z,1788221828530,0G-USDT-SWAP,buy,short,1206,0.232,"{""bkLoss"":""0"",""bkPx"":""0.232"",""ccy"":"""",""posSide"":""short"",""side"":""buy"",""sz"":""1206"",""ts"":""1788221828530""}"
2026-09-01T00:17:11.321011Z,1788221829911,FOGO-USDT-SWAP,buy,short,269,0.007356,"{""bkLoss"":""0"",""bkPx"":""0.007356"",""ccy"":"""",""posSide"":""short"",""side"":""buy"",""sz"":""269"",""ts"":""1788221829911""}"
2026-09-01T00:17:11.326860Z,1788221829911,BONK-USDT-SWAP,buy,short,252,0.000003021,"{""bkLoss"":""0"",""bkPx"":""0.000003021"",""ccy"":"""",""posSide"":""short"",""side"":""buy"",""sz"":""252"",""ts"":""1788221829911""}"
2026-09-01T00:17:11.334071Z,1788221829911,SUI-USDT-SWAP,buy,short,228,0.7311,"{""bkLoss"":""0"",""bkPx"":""0.7311"",""ccy"":"""",""posSide"":""short"",""side"":""buy"",""sz"":""228"",""ts"":""1788221829911""}"
2026-09-01T00:17:11.336844Z,1788221829911,HOME-USDT-SWAP,buy,short,70,0.006094,"{""bkLoss"":""0"",""bkPx"":""0.006094"",""ccy"":"""",""posSide"":""short"",""side"":""buy"",""sz"":""70"",""ts"":""1788221829911""}"
2026-09-01T00:17:11.340843Z,1788221829911,BICO-USDT-SWAP,buy,short,1971,0.02354,"{""bkLoss"":""0"",""bkPx"":""0.02354"",""ccy"":"""",""posSide"":""short"",""side"":""buy"",""sz"":""1971"",""ts"":""1788221829911""}"
2026-09-01T00:17:11.346819Z,1788221829911,ICX-USDT-SWAP,buy,short,265,0.01097,"{""bkLoss"":""0"",""bkPx"":""0.01097"",""ccy"":"""",""posSide"":""short"",""side"":""buy"",""sz"":""265"",""ts"":""1788221829911""}"
2026-09-01T00:17:11.350057Z,1788221829911,KAITO-USDT-SWAP,buy,short,623,0.3008,"{""bkLoss"":""0"",""bkPx"":""0.3008"",""ccy"":"""",""posSide"":""short"",""side"":""buy"",""sz"":""623"",""ts"":""1788221829911""}"
2026-09-01T00:17:11.353249Z,1788221829911,HYPE-USDT-SWAP,buy,short,23,84.337,"{""bkLoss"":""0"",""bkPx"":""84.337"",""ccy"":"""",""posSide"":""short"",""side"":""buy"",""sz"":""23"",""ts"":""1788221829911""}"
2026-09-01T00:17:11.360736Z,1788221829911,ZEC-USDT-SWAP,buy,short,19,854.62,"{""bkLoss"":""0"",""bkPx"":""854.62"",""ccy"":"""",""posSide"":""short"",""side"":""buy"",""sz"":""19"",""ts"":""1788221829911""}"
2026-09-01T00:17:11.362839Z,1788221829911,BTC-USDT-SWAP,buy,short,0.15,78766.7,"{""bkLoss"":""0"",""bkPx"":""78766.7"",""ccy"":"""",""posSide"":""short"",""side"":""buy"",""sz"":""0.15"",""ts"":""1788221829911""}"
2026-09-01T00:17:11.367419Z,1788221829911,RIVER-USDT-SWAP,buy,short,43,1.413,"{""bkLoss"":""0"",""bkPx"":""1.413"",""ccy"":"""",""posSide"":""short"",""side"":""buy"",""sz"":""43"",""ts"":""1788221829911""}"
2026-09-01T00:17:11.373721Z,1788221829911,PUMP-USDT-SWAP,buy,short,36,0.004652,"{""bkLoss"":""0"",""bkPx"":""0.004652"",""ccy"":"""",""posSide"":""short"",""side"":""buy"",""sz"":""36"",""ts"":""1788221829911""}"
2026-09-01T00:17:11.562329Z,1788221829911,ETH-USDT-SWAP,buy,short,0.55,2472.17,"{""bkLoss"":""0"",""bkPx"":""2472.17"",""ccy"":"""",""posSide"":""short"",""side"":""buy"",""sz"":""0.55"",""ts"":""1788221829911""}"
2026-09-01T00:17:11.562900Z,1788221829911,BEAT-USDT-SWAP,buy,short,42.1,0.1247,"{""bkLoss"":""0"",""bkPx"":""0.1247"",""ccy"":"""",""posSide"":""short"",""side"":""buy"",""sz"":""42.1"",""ts"":""1788221829911""}"
2026-09-01T00:17:11.563180Z,1788221829914,BCH-USDT-SWAP,buy,short,5.9,247.5,"{""bkLoss"":""0"",""bkPx"":""247.5"",""ccy"":"""",""posSide"":""short"",""side"":""buy"",""sz"":""5.9"",""ts"":""1788221829914""}"
2026-09-01T00:17:11.786793Z,1788221831146,ARB-USDT-SWAP,buy,short,35.7,0.11113,"{""bkLoss"":""0"",""bkPx"":""0.11113"",""ccy"":"""",""posSide"":""short"",""side"":""buy"",""sz"":""35.7"",""ts"":""1788221831146""}"
2026-09-01T00:17:12.923667Z,1788221831843,PUMP-USDT-SWAP,buy,short,21,0.004659,"{""bkLoss"":""0"",""bkPx"":""0.004659"",""ccy"":"""",""posSide"":""short"",""side"":""buy"",""sz"":""21"",""ts"":""1788221831843""}"
2026-09-01T00:17:13.360030Z,1788221832254,PUMP-USDT-SWAP,buy,short,1,0.004664,"{""bkLoss"":""0"",""bkPx"":""0.004664"",""ccy"":"""",""posSide"":""short"",""side"":""buy"",""sz"":""1"",""ts"":""1788221832254""}"
2026-09-01T00:17:13.760826Z,1788221830682,ARB-USDT-SWAP,buy,short,385.5,0.11095,"{""bkLoss"":""0"",""bkPx"":""0.11095"",""ccy"":"""",""posSide"":""short"",""side"":""buy"",""sz"":""385.5"",""ts"":""1788221830682""}"
2026-09-01T00:17:14.697584Z,1788221833933,PUMP-USDT-SWAP,buy,short,116,0.004666,"{""bkLoss"":""0"",""bkPx"":""0.004666"",""ccy"":"""",""posSide"":""short"",""side"":""buy"",""sz"":""116"",""ts"":""1788221833933""}"
2026-09-01T00:17:18.320489Z,1788221837650,WLD-USDT-SWAP,buy,short,25,0.3688,"{""bkLoss"":""0"",""bkPx"":""0.3688"",""ccy"":"""",""posSide"":""short"",""side"":""buy"",""sz"":""25"",""ts"":""1788221837650""}"
2026-09-01T00:17:22.359075Z,1788221841412,PUMP-USDT-SWAP,buy,short,63,0.004669,"{""bkLoss"":""0"",""bkPx"":""0.004669"",""ccy"":"""",""posSide"":""short"",""side"":""buy"",""sz"":""63"",""ts"":""1788221841412""}"
2026-09-01T00:17:22.511789Z,1788221841672,SUI-USDT-SWAP,buy,short,8273,0.7321,"{""bkLoss"":""0"",""bkPx"":""0.7321"",""ccy"":"""",""posSide"":""short"",""side"":""buy"",""sz"":""8273"",""ts"":""1788221841672""}"
2026-09-01T00:17:27.328560Z,1788221845850,PUMP-USDT-SWAP,buy,short,167,0.004675,"{""bkLoss"":""0"",""bkPx"":""0.004675"",""ccy"":"""",""posSide"":""short"",""side"":""buy"",""sz"":""167"",""ts"":""1788221845850""}"
2026-09-01T00:17:35.006293Z,1788221854119,PUMP-USDT-SWAP,buy,short,72,0.004678,"{""bkLoss"":""0"",""bkPx"":""0.004678"",""ccy"":"""",""posSide"":""short"",""side"":""buy"",""sz"":""72"",""ts"":""1788221854119""}"
2026-09-01T00:17:47.680875Z,1788221866491,PUMP-USDT-SWAP,buy,short,203,0.004679,"{""bkLoss"":""0"",""bkPx"":""0.004679"",""ccy"":"""",""posSide"":""short"",""side"":""buy"",""sz"":""203"",""ts"":""1788221866491""}"
2026-09-01T00:17:48.822783Z,1788221867736,PUMP-USDT-SWAP,buy,short,11,0.004683,"{""bkLoss"":""0"",""bkPx"":""0.004683"",""ccy"":"""",""posSide"":""short"",""side"":""buy"",""sz"":""11"",""ts"":""1788221867736""}"
2026-09-01T00:17:48.887464Z,1788221867862,ZEC-USDT-SWAP,buy,short,294,856.36,"{""bkLoss"":""0"",""bkPx"":""856.36"",""ccy"":"""",""posSide"":""short"",""side"":""buy"",""sz"":""294"",""ts"":""1788221867862""}"
2026-09-01T00:17:49.264784Z,1788221868003,ZEC-USDT-SWAP,buy,short,145,856.77,"{""bkLoss"":""0"",""bkPx"":""856.77"",""ccy"":"""",""posSide"":""short"",""side"":""buy"",""sz"":""145"",""ts"":""1788221868003""}"
2026-09-01T00:17:49.677545Z,1788221868386,PUMP-USDT-SWAP,buy,short,32,0.004685,"{""bkLoss"":""0"",""bkPx"":""0.004685"",""ccy"":"""",""posSide"":""short"",""side"":""buy"",""sz"":""32"",""ts"":""1788221868386""}"
2026-09-01T00:17:51.053767Z,1788221869913,PUMP-USDT-SWAP,buy,short,546,0.004693,"{""bkLoss"":""0"",""bkPx"":""0.004693"",""ccy"":"""",""posSide"":""short"",""side"":""buy"",""sz"":""546"",""ts"":""1788221869913""}"
2026-09-01T00:17:53.068340Z,1788221872085,ZEC-USDT-SWAP,buy,short,340,857.19,"{""bkLoss"":""0"",""bkPx"":""857.19"",""ccy"":"""",""posSide"":""short"",""side"":""buy"",""sz"":""340"",""ts"":""1788221872085""}"
2026-09-01T00:17:53.768746Z,1788221872689,UNI-USDT-SWAP,buy,short,2587,5.351,"{""bkLoss"":""0"",""bkPx"":""5.351"",""ccy"":"""",""posSide"":""short"",""side"":""buy"",""sz"":""2587"",""ts"":""1788221872689""}"
2026-09-01T00:17:54.988251Z,1788221874258,UNI-USDT-SWAP,buy,short,114,5.361,"{""bkLoss"":""0"",""bkPx"":""5.361"",""ccy"":"""",""posSide"":""short"",""side"":""buy"",""sz"":""114"",""ts"":""1788221874258""}"
2026-09-01T00:18:20.253099Z,1788221898998,XPL-USDT-SWAP,buy,short,17,0.08453,"{""bkLoss"":""0"",""bkPx"":""0.08453"",""ccy"":"""",""posSide"":""short"",""side"":""buy"",""sz"":""17"",""ts"":""1788221898998""}"
2026-09-01T00:18:20.256278Z,1788221898998,ENA-USDT-SWAP,buy,short,13,0.1514,"{""bkLoss"":""0"",""bkPx"":""0.1514"",""ccy"":"""",""posSide"":""short"",""side"":""buy"",""sz"":""13"",""ts"":""1788221898998""}"
2026-09-01T00:18:20.261790Z,1788221898998,STRK-USDT-SWAP,buy,short,733,0.02659,"{""bkLoss"":""0"",""bkPx"":""0.02659"",""ccy"":"""",""posSide"":""short"",""side"":""buy"",""sz"":""733"",""ts"":""1788221898998""}"
2026-09-01T00:18:20.265040Z,1788221898998,BICO-USDT-SWAP,buy,short,367,0.02362,"{""bkLoss"":""0"",""bkPx"":""0.02362"",""ccy"":"""",""posSide"":""short"",""side"":""buy"",""sz"":""367"",""ts"":""1788221898998""}"
2026-09-01T00:18:23.871380Z,1788221902860,UNI-USDT-SWAP,buy,short,1137,5.365,"{""bkLoss"":""0"",""bkPx"":""5.365"",""ccy"":"""",""posSide"":""short"",""side"":""buy"",""sz"":""1137"",""ts"":""1788221902860""}"
2026-09-01T00:18:24.749907Z,1788221903475,UNI-USDT-SWAP,buy,short,9271,5.368,"{""bkLoss"":""0"",""bkPx"":""5.368"",""ccy"":"""",""posSide"":""short"",""side"":""buy"",""sz"":""9271"",""ts"":""1788221903475""}"
2026-09-01T00:18:25.064725Z,1788221904288,UNI-USDT-SWAP,buy,short,1500,5.376,"{""bkLoss"":""0"",""bkPx"":""5.376"",""ccy"":"""",""posSide"":""short"",""side"":""buy"",""sz"":""1500"",""ts"":""1788221904288""}"
2026-09-01T00:18:25.275497Z,1788221904241,AAVE-USDT-SWAP,buy,short,19.3,125.22,"{""bkLoss"":""0"",""bkPx"":""125.22"",""ccy"":"""",""posSide"":""short"",""side"":""buy"",""sz"":""19.3"",""ts"":""1788221904241""}"
2026-09-01T00:18:31.294477Z,1788221910452,ZEC-USDT-SWAP,buy,short,200,857.74,"{""bkLoss"":""0"",""bkPx"":""857.74"",""ccy"":"""",""posSide"":""short"",""side"":""buy"",""sz"":""200"",""ts"":""1788221910452""}"
2026-09-01T00:18:43.358561Z,1788221922083,TAO-USDT-SWAP,buy,short,393,232.2,"{""bkLoss"":""0"",""bkPx"":""232.2"",""ccy"":"""",""posSide"":""short"",""side"":""buy"",""sz"":""393"",""ts"":""1788221922083""}"
2026-09-01T00:18:51.856362Z,1788221930750,ONT-USDT-SWAP,sell,long,2,0.05181,"{""bkLoss"":""0"",""bkPx"":""0.05181"",""ccy"":"""",""posSide"":""long"",""side"":""sell"",""sz"":""2"",""ts"":""1788221930750""}"
2026-09-01T00:18:57.008402Z,1788221935820,UNI-USDT-SWAP,buy,short,6,5.379,"{""bkLoss"":""0"",""bkPx"":""5.379"",""ccy"":"""",""posSide"":""short"",""side"":""buy"",""sz"":""6"",""ts"":""1788221935820""}"
2026-09-01T00:18:58.768524Z,1788221937476,ZEC-USDT-SWAP,buy,short,9,857.97,"{""bkLoss"":""0"",""bkPx"":""857.97"",""ccy"":"""",""posSide"":""short"",""side"":""buy"",""sz"":""9"",""ts"":""1788221937476""}"
2026-09-01T00:19:07.031403Z,1788221945827,PUMP-USDT-SWAP,sell,long,221,0.004638,"{""bkLoss"":""0"",""bkPx"":""0.004638"",""ccy"":"""",""posSide"":""long"",""side"":""sell"",""sz"":""221"",""ts"":""1788221945827""}"
2026-09-01T00:19:08.165228Z,1788221947085,PUMP-USDT-SWAP,sell,long,593,0.00463,"{""bkLoss"":""0"",""bkPx"":""0.00463"",""ccy"":"""",""posSide"":""long"",""side"":""sell"",""sz"":""593"",""ts"":""1788221947085""}"
2026-09-01T00:19:24.206476Z,1788221963215,ETH-USDT-SWAP,buy,short,8.89,2473.78,"{""bkLoss"":""0"",""bkPx"":""2473.78"",""ccy"":"""",""posSide"":""short"",""side"":""buy"",""sz"":""8.89"",""ts"":""1788221963215""}"
2026-09-01T00:19:24.210648Z,1788221963215,SOL-USDT-SWAP,buy,short,13.82,103.33,"{""bkLoss"":""0"",""bkPx"":""103.33"",""ccy"":"""",""posSide"":""short"",""side"":""buy"",""sz"":""13.82"",""ts"":""1788221963215""}"
2026-09-01T00:19:24.214744Z,1788221963215,UNI-USDT-SWAP,buy,short,141,5.391,"{""bkLoss"":""0"",""bkPx"":""5.391"",""ccy"":"""",""posSide"":""short"",""side"":""buy"",""sz"":""141"",""ts"":""1788221963215""}"
2026-09-01T00:19:24.621902Z,1788221963735,AEON-USDT-SWAP,buy,short,90,0.06321,"{""bkLoss"":""0"",""bkPx"":""0.06321"",""ccy"":"""",""posSide"":""short"",""side"":""buy"",""sz"":""90"",""ts"":""1788221963735""}"
2026-09-01T00:19:31.048530Z,1788221970275,UNI-USDT-SWAP,buy,short,23,5.398,"{""bkLoss"":""0"",""bkPx"":""5.398"",""ccy"":"""",""posSide"":""short"",""side"":""buy"",""sz"":""23"",""ts"":""1788221970275""}"
2026-09-01T00:19:31.061652Z,1788221969866,ZEC-USDT-SWAP,buy,short,38,857.64,"{""bkLoss"":""0"",""bkPx"":""857.64"",""ccy"":"""",""posSide"":""short"",""side"":""buy"",""sz"":""38"",""ts"":""1788221969866""}"
2026-09-01T00:19:31.065335Z,1788221969866,UNI-USDT-SWAP,buy,short,171,5.394,"{""bkLoss"":""0"",""bkPx"":""5.394"",""ccy"":"""",""posSide"":""short"",""side"":""buy"",""sz"":""171"",""ts"":""1788221969866""}"
2026-09-01T00:19:32.489906Z,1788221971164,PUMP-USDT-SWAP,sell,long,87,0.004617,"{""bkLoss"":""0"",""bkPx"":""0.004617"",""ccy"":"""",""posSide"":""long"",""side"":""sell"",""sz"":""87"",""ts"":""1788221971164""}"
2026-09-01T00:20:10.465909Z,1788222009433,ARB-USDT-SWAP,buy,short,2660.4,0.11114,"{""bkLoss"":""0"",""bkPx"":""0.11114"",""ccy"":"""",""posSide"":""short"",""side"":""buy"",""sz"":""2660.4"",""ts"":""1788222009433""}"
2026-09-01T00:20:29.235683Z,1788222028153,LA-USDT-SWAP,buy,short,1,0.06252,"{""bkLoss"":""0"",""bkPx"":""0.06252"",""ccy"":"""",""posSide"":""short"",""side"":""buy"",""sz"":""1"",""ts"":""1788222028153""}"
2026-09-01T00:20:34.242791Z,1788222033098,SPK-USDT-SWAP,buy,short,6,0.01992,"{""bkLoss"":""0"",""bkPx"":""0.01992"",""ccy"":"""",""posSide"":""short"",""side"":""buy"",""sz"":""6"",""ts"":""1788222033098""}"
2026-09-01T00:20:45.279095Z,1788222044084,XAU-USDT-SWAP,buy,short,1,4462.5,"{""bkLoss"":""0"",""bkPx"":""4462.5"",""ccy"":"""",""posSide"":""short"",""side"":""buy"",""sz"":""1"",""ts"":""1788222044084""}"
2026-09-01T00:20:53.408283Z,1788222052076,AAVE-USDT-SWAP,buy,short,146.1,125.4,"{""bkLoss"":""0"",""bkPx"":""125.4"",""ccy"":"""",""posSide"":""short"",""side"":""buy"",""sz"":""146.1"",""ts"":""1788222052076""}"
2026-09-01T00:20:59.085380Z,1788222057860,XAU-USDT-SWAP,buy,short,150,4463.3,"{""bkLoss"":""0"",""bkPx"":""4463.3"",""ccy"":"""",""posSide"":""short"",""side"":""buy"",""sz"":""150"",""ts"":""1788222057860""}"
2026-09-01T00:21:01.293781Z,1788222060576,ZEC-USDT-SWAP,buy,short,500,858.09,"{""bkLoss"":""0"",""bkPx"":""858.09"",""ccy"":"""",""posSide"":""short"",""side"":""buy"",""sz"":""500"",""ts"":""1788222060576""}"
2026-09-01T00:21:04.695675Z,1788222064015,XAU-USDT-SWAP,buy,short,398,4463.7,"{""bkLoss"":""0"",""bkPx"":""4463.7"",""ccy"":"""",""posSide"":""short"",""side"":""buy"",""sz"":""398"",""ts"":""1788222064015""}"
2026-09-01T00:21:08.965965Z,1788222068159,ARB-USDT-SWAP,buy,short,78.9,0.11131,"{""bkLoss"":""0"",""bkPx"":""0.11131"",""ccy"":"""",""posSide"":""short"",""side"":""buy"",""sz"":""78.9"",""ts"":""1788222068159""}"
2026-09-01T00:21:11.984718Z,1788222071026,XAU-USDT-SWAP,buy,short,174,4464.1,"{""bkLoss"":""0"",""bkPx"":""4464.1"",""ccy"":"""",""posSide"":""short"",""side"":""buy"",""sz"":""174"",""ts"":""1788222071026""}"
2026-09-01T00:21:13.457706Z,1788222072637,XAU-USDT-SWAP,buy,short,1198,4464.4,"{""bkLoss"":""0"",""bkPx"":""4464.4"",""ccy"":"""",""posSide"":""short"",""side"":""buy"",""sz"":""1198"",""ts"":""1788222072637""}"
2026-09-01T00:21:15.345220Z,1788222074312,ETH-USDT-SWAP,buy,short,4.69,2475.2,"{""bkLoss"":""0"",""bkPx"":""2475.2"",""ccy"":"""",""posSide"":""short"",""side"":""buy"",""sz"":""4.69"",""ts"":""1788222074312""}"
2026-09-01T00:21:25.908479Z,1788222085039,XAU-USDT-SWAP,buy,short,20,4465.2,"{""bkLoss"":""0"",""bkPx"":""4465.2"",""ccy"":"""",""posSide"":""short"",""side"":""buy"",""sz"":""20"",""ts"":""1788222085039""}"
2026-09-01T00:21:33.123238Z,1788222092304,BTC-USDT-SWAP,buy,short,1.81,78815.3,"{""bkLoss"":""0"",""bkPx"":""78815.3"",""ccy"":"""",""posSide"":""short"",""side"":""buy"",""sz"":""1.81"",""ts"":""1788222092304""}"
2026-09-01T00:21:33.128320Z,1788222092304,ETH-USDT-SWAP,buy,short,7.6,2476.43,"{""bkLoss"":""0"",""bkPx"":""2476.43"",""ccy"":"""",""posSide"":""short"",""side"":""buy"",""sz"":""7.6"",""ts"":""1788222092304""}"
2026-09-01T00:21:34.178767Z,1788222093388,SHIB-USDT-SWAP,buy,short,0.1,0.000005094,"{""bkLoss"":""0"",""bkPx"":""0.000005094"",""ccy"":"""",""posSide"":""short"",""side"":""buy"",""sz"":""0.1"",""ts"":""1788222093388""}"
2026-09-01T00:21:40.508580Z,1788222099439,ARB-USDT-SWAP,buy,short,497.5,0.11141,"{""bkLoss"":""0"",""bkPx"":""0.11141"",""ccy"":"""",""posSide"":""short"",""side"":""buy"",""sz"":""497.5"",""ts"":""1788222099439""}"
2026-09-01T00:21:58.963420Z,1788222117760,0G-USDT-SWAP,buy,short,249,0.2323,"{""bkLoss"":""0"",""bkPx"":""0.2323"",""ccy"":"""",""posSide"":""short"",""side"":""buy"",""sz"":""249"",""ts"":""1788222117760""}"
2026-09-01T00:22:04.007217Z,1788222122728,ZEC-USDT-SWAP,buy,short,53,858.52,"{""bkLoss"":""0"",""bkPx"":""858.52"",""ccy"":"""",""posSide"":""short"",""side"":""buy"",""sz"":""53"",""ts"":""1788222122728""}"
2026-09-01T00:22:06.249829Z,1788222124943,GALA-USDT-SWAP,buy,short,11311,0.001734,"{""bkLoss"":""0"",""bkPx"":""0.001734"",""ccy"":"""",""posSide"":""short"",""side"":""buy"",""sz"":""11311"",""ts"":""1788222124943""}"
2026-09-01T00:22:10.864938Z,1788222129600,DASH-USDT-SWAP,buy,short,711,45.48,"{""bkLoss"":""0"",""bkPx"":""45.48"",""ccy"":"""",""posSide"":""short"",""side"":""buy"",""sz"":""711"",""ts"":""1788222129600""}"
2026-09-01T00:22:11.802716Z,1788222131072,0G-USDT-SWAP,buy,short,43,0.2328,"{""bkLoss"":""0"",""bkPx"":""0.2328"",""ccy"":"""",""posSide"":""short"",""side"":""buy"",""sz"":""43"",""ts"":""1788222131072""}"
2026-09-01T00:22:12.107203Z,1788222130899,0G-USDT-SWAP,buy,short,18,0.2328,"{""bkLoss"":""0"",""bkPx"":""0.2328"",""ccy"":"""",""posSide"":""short"",""side"":""buy"",""sz"":""18"",""ts"":""1788222130899""}"
2026-09-01T00:22:12.534184Z,1788222131117,ZEC-USDT-SWAP,buy,short,566,859.12,"{""bkLoss"":""0"",""bkPx"":""859.12"",""ccy"":"""",""posSide"":""short"",""side"":""buy"",""sz"":""566"",""ts"":""1788222131117""}"
2026-09-01T00:22:19.956017Z,1788222139217,0G-USDT-SWAP,buy,short,118,0.234,"{""bkLoss"":""0"",""bkPx"":""0.234"",""ccy"":"""",""posSide"":""short"",""side"":""buy"",""sz"":""118"",""ts"":""1788222139217""}"
2026-09-01T00:22:20.651034Z,1788222139281,ROBO-USDT-SWAP,sell,long,440,0.01242,"{""bkLoss"":""0"",""bkPx"":""0.01242"",""ccy"":"""",""posSide"":""long"",""side"":""sell"",""sz"":""440"",""ts"":""1788222139281""}"
2026-09-01T00:22:20.653321Z,1788222139281,ARB-USDT-SWAP,buy,short,946.8,0.11134,"{""bkLoss"":""0"",""bkPx"":""0.11134"",""ccy"":"""",""posSide"":""short"",""side"":""buy"",""sz"":""946.8"",""ts"":""1788222139281""}"
2026-09-01T00:22:20.658946Z,1788222139281,ZEC-USDT-SWAP,buy,short,206,858.78,"{""bkLoss"":""0"",""bkPx"":""858.78"",""ccy"":"""",""posSide"":""short"",""side"":""buy"",""sz"":""206"",""ts"":""1788222139281""}"
2026-09-01T00:22:20.665054Z,1788222139281,MINIMAX-USDT-SWAP,buy,short,16.2,45.48,"{""bkLoss"":""0"",""bkPx"":""45.48"",""ccy"":"""",""posSide"":""short"",""side"":""buy"",""sz"":""16.2"",""ts"":""1788222139281""}"
2026-09-01T00:22:20.669489Z,1788222139281,NOT-USDT-SWAP,buy,short,18328,0.0004711,"{""bkLoss"":""0"",""bkPx"":""0.0004711"",""ccy"":"""",""posSide"":""short"",""side"":""buy"",""sz"":""18328"",""ts"":""1788222139281""}"
2026-09-01T00:22:20.672734Z,1788222139281,SNXX-USDT-SWAP,buy,short,55.7,13.95,"{""bkLoss"":""0"",""bkPx"":""13.95"",""ccy"":"""",""posSide"":""short"",""side"":""buy"",""sz"":""55.7"",""ts"":""1788222139281""}"
2026-09-01T00:22:20.677265Z,1788222139281,USELESS-USDT-SWAP,buy,short,637,0.09204,"{""bkLoss"":""0"",""bkPx"":""0.09204"",""ccy"":"""",""posSide"":""short"",""side"":""buy"",""sz"":""637"",""ts"":""1788222139281""}"
2026-09-01T00:22:22.523313Z,1788222141218,PUMP-USDT-SWAP,sell,long,4,0.004614,"{""bkLoss"":""0"",""bkPx"":""0.004614"",""ccy"":"""",""posSide"":""long"",""side"":""sell"",""sz"":""4"",""ts"":""1788222141218""}"
2026-09-01T00:22:45.311013Z,1788222163680,ENA-USDT-SWAP,buy,short,152,0.1528,"{""bkLoss"":""0"",""bkPx"":""0.1528"",""ccy"":"""",""posSide"":""short"",""side"":""buy"",""sz"":""152"",""ts"":""1788222163680""}"
2026-09-01T00:23:39.981006Z,1788222219231,ZKP-USDT-SWAP,sell,long,78,0.04503,"{""bkLoss"":""0"",""bkPx"":""0.04503"",""ccy"":"""",""posSide"":""long"",""side"":""sell"",""sz"":""78"",""ts"":""1788222219231""}"
2026-09-01T00:23:46.697389Z,1788222225261,ZKP-USDT-SWAP,sell,long,1,0.04476,"{""bkLoss"":""0"",""bkPx"":""0.04476"",""ccy"":"""",""posSide"":""long"",""side"":""sell"",""sz"":""1"",""ts"":""1788222225261""}"
2026-09-01T00:23:46.791698Z,1788222226114,ZKP-USDT-SWAP,sell,long,3640,0.04464,"{""bkLoss"":""0"",""bkPx"":""0.04464"",""ccy"":"""",""posSide"":""long"",""side"":""sell"",""sz"":""3640"",""ts"":""1788222226114""}"
2026-09-01T00:24:12.813284Z,1788222251451,SKHYNIX-USDT-SWAP,buy,short,1.398,1223.68,"{""bkLoss"":""0"",""bkPx"":""1223.68"",""ccy"":"""",""posSide"":""short"",""side"":""buy"",""sz"":""1.398"",""ts"":""1788222251451""}"
2026-09-01T00:24:41.555382Z,1788222280542,WLD-USDT-SWAP,buy,short,1552,0.3709,"{""bkLoss"":""0"",""bkPx"":""0.3709"",""ccy"":"""",""posSide"":""short"",""side"":""buy"",""sz"":""1552"",""ts"":""1788222280542""}"
2026-09-01T00:25:03.102115Z,1788222301401,ARX-USDT-SWAP,sell,long,300,0.1277,"{""bkLoss"":""0"",""bkPx"":""0.1277"",""ccy"":"""",""posSide"":""long"",""side"":""sell"",""sz"":""300"",""ts"":""1788222301401""}"
2026-09-01T00:25:06.752596Z,1788222305634,ENSO-USDT-SWAP,sell,long,48,0.8864,"{""bkLoss"":""0"",""bkPx"":""0.8864"",""ccy"":"""",""posSide"":""long"",""side"":""sell"",""sz"":""48"",""ts"":""1788222305634""}"
2026-09-01T00:25:07.504072Z,1788222306120,SKHYNIX-USDT-SWAP,buy,short,0.08,1228.29,"{""bkLoss"":""0"",""bkPx"":""1228.29"",""ccy"":"""",""posSide"":""short"",""side"":""buy"",""sz"":""0.08"",""ts"":""1788222306120""}"
2026-09-01T00:26:32.445504Z,1788222391351,SKHYNIX-USDT-SWAP,buy,short,0.209,1229.8,"{""bkLoss"":""0"",""bkPx"":""1229.8"",""ccy"":"""",""posSide"":""short"",""side"":""buy"",""sz"":""0.209"",""ts"":""1788222391351""}"
2026-09-01T00:27:03.587525Z,1788222422596,XAG-USDT-SWAP,buy,short,159,66.91,"{""bkLoss"":""0"",""bkPx"":""66.91"",""ccy"":"""",""posSide"":""short"",""side"":""buy"",""sz"":""159"",""ts"":""1788222422596""}"
2026-09-01T00:27:36.973729Z,1788222456166,OP-USDT-SWAP,sell,long,1400,0.09473,"{""bkLoss"":""0"",""bkPx"":""0.09473"",""ccy"":"""",""posSide"":""long"",""side"":""sell"",""sz"":""1400"",""ts"":""1788222456166""}"
2026-09-01T00:27:45.662837Z,1788222464587,BTC-USDT-SWAP,buy,short,0.03,78855.7,"{""bkLoss"":""0"",""bkPx"":""78855.7"",""ccy"":"""",""posSide"":""short"",""side"":""buy"",""sz"":""0.03"",""ts"":""1788222464587""}"
2026-09-01T00:28:09.001477Z,1788222487829,CVX-USDT-SWAP,buy,short,9,2.3,"{""bkLoss"":""0"",""bkPx"":""2.3"",""ccy"":"""",""posSide"":""short"",""side"":""buy"",""sz"":""9"",""ts"":""1788222487829""}"
2026-09-01T00:28:36.418469Z,1788222515049,XRP-USDT-SWAP,buy,short,20.26,1.3878,"{""bkLoss"":""0"",""bkPx"":""1.3878"",""ccy"":"""",""posSide"":""short"",""side"":""buy"",""sz"":""20.26"",""ts"":""1788222515049""}"
2026-09-01T00:29:45.791427Z,1788222584972,0G-USDT-SWAP,buy,short,254,0.2349,"{""bkLoss"":""0"",""bkPx"":""0.2349"",""ccy"":"""",""posSide"":""short"",""side"":""buy"",""sz"":""254"",""ts"":""1788222584972""}"
2026-09-01T00:29:46.336661Z,1788222585310,0G-USDT-SWAP,buy,short,239,0.2352,"{""bkLoss"":""0"",""bkPx"":""0.2352"",""ccy"":"""",""posSide"":""short"",""side"":""buy"",""sz"":""239"",""ts"":""1788222585310""}"
2026-09-01T00:29:47.991114Z,1788222586735,0G-USDT-SWAP,buy,short,2132,0.2353,"{""bkLoss"":""0"",""bkPx"":""0.2353"",""ccy"":"""",""posSide"":""short"",""side"":""buy"",""sz"":""2132"",""ts"":""1788222586735""}"
2026-09-01T00:30:13.188851Z,1788222612153,ANIME-USDT-SWAP,sell,long,19,0.002779,"{""bkLoss"":""0"",""bkPx"":""0.002779"",""ccy"":"""",""posSide"":""long"",""side"":""sell"",""sz"":""19"",""ts"":""1788222612153""}"
2026-09-01T00:30:24.872955Z,1788222624062,XAU-USDT-SWAP,buy,short,990,4465.7,"{""bkLoss"":""0"",""bkPx"":""4465.7"",""ccy"":"""",""posSide"":""short"",""side"":""buy"",""sz"":""990"",""ts"":""1788222624062""}"
2026-09-01T00:30:29.199736Z,1788222627967,0G-USDT-SWAP,buy,short,199,0.236,"{""bkLoss"":""0"",""bkPx"":""0.236"",""ccy"":"""",""posSide"":""short"",""side"":""buy"",""sz"":""199"",""ts"":""1788222627967""}"
2026-09-01T00:30:29.314561Z,1788222628306,USELESS-USDT-SWAP,buy,short,573,0.09172,"{""bkLoss"":""0"",""bkPx"":""0.09172"",""ccy"":"""",""posSide"":""short"",""side"":""buy"",""sz"":""573"",""ts"":""1788222628306""}"
2026-09-01T00:30:29.316265Z,1788222628384,0G-USDT-SWAP,buy,short,4695,0.2363,"{""bkLoss"":""0"",""bkPx"":""0.2363"",""ccy"":"""",""posSide"":""short"",""side"":""buy"",""sz"":""4695"",""ts"":""1788222628384""}"
2026-09-01T00:30:29.320953Z,1788222628306,ZORA-USDT-SWAP,buy,short,3442,0.008676,"{""bkLoss"":""0"",""bkPx"":""0.008676"",""ccy"":"""",""posSide"":""short"",""side"":""buy"",""sz"":""3442"",""ts"":""1788222628306""}"
2026-09-01T00:30:29.329716Z,1788222628306,WLD-USDT-SWAP,buy,short,8669,0.37,"{""bkLoss"":""0"",""bkPx"":""0.37"",""ccy"":"""",""posSide"":""short"",""side"":""buy"",""sz"":""8669"",""ts"":""1788222628306""}"
2026-09-01T00:30:30.135316Z,1788222629062,0G-USDT-SWAP,buy,short,49,0.2365,"{""bkLoss"":""0"",""bkPx"":""0.2365"",""ccy"":"""",""posSide"":""short"",""side"":""buy"",""sz"":""49"",""ts"":""1788222629062""}"
2026-09-01T00:30:49.788206Z,1788222648949,SNDK-USDT-SWAP,buy,short,0.08,1552.29,"{""bkLoss"":""0"",""bkPx"":""1552.29"",""ccy"":"""",""posSide"":""short"",""side"":""buy"",""sz"":""0.08"",""ts"":""1788222648949""}"
2026-09-01T00:30:53.112391Z,1788222651051,SNDK-USDT-SWAP,buy,short,0.011,1552.5,"{""bkLoss"":""0"",""bkPx"":""1552.5"",""ccy"":"""",""posSide"":""short"",""side"":""buy"",""sz"":""0.011"",""ts"":""1788222651051""}"
2026-09-01T00:31:02.956540Z,1788222661460,TRIA-USDT-SWAP,buy,short,443,0.004941,"{""bkLoss"":""0"",""bkPx"":""0.004941"",""ccy"":"""",""posSide"":""short"",""side"":""buy"",""sz"":""443"",""ts"":""1788222661460""}"
2026-09-01T00:31:15.857855Z,1788222674637,SNDK-USDT-SWAP,buy,short,1.295,1553.29,"{""bkLoss"":""0"",""bkPx"":""1553.29"",""ccy"":"""",""posSide"":""short"",""side"":""buy"",""sz"":""1.295"",""ts"":""1788222674637""}"
2026-09-01T00:31:24.966768Z,1788222683757,NOT-USDT-SWAP,sell,long,2832,0.0004671,"{""bkLoss"":""0"",""bkPx"":""0.0004671"",""ccy"":"""",""posSide"":""long"",""side"":""sell"",""sz"":""2832"",""ts"":""1788222683757""}"
2026-09-01T00:31:32.124766Z,1788222690793,APR-USDT-SWAP,sell,long,193,0.1906,"{""bkLoss"":""0"",""bkPx"":""0.1906"",""ccy"":"""",""posSide"":""long"",""side"":""sell"",""sz"":""193"",""ts"":""1788222690793""}"
2026-09-01T00:31:32.128786Z,1788222690793,BEAT-USDT-SWAP,sell,long,143.2,0.1239,"{""bkLoss"":""0"",""bkPx"":""0.1239"",""ccy"":"""",""posSide"":""long"",""side"":""sell"",""sz"":""143.2"",""ts"":""1788222690793""}"
2026-09-01T00:31:32.135455Z,1788222690793,ETH-USDT-SWAP,buy,short,2.34,2472.85,"{""bkLoss"":""0"",""bkPx"":""2472.85"",""ccy"":"""",""posSide"":""short"",""side"":""buy"",""sz"":""2.34"",""ts"":""1788222690793""}"
2026-09-01T00:31:32.140592Z,1788222690793,GRVT-USDT-SWAP,sell,long,70,0.16121,"{""bkLoss"":""0"",""bkPx"":""0.16121"",""ccy"":"""",""posSide"":""long"",""side"":""sell"",""sz"":""70"",""ts"":""1788222690793""}"
2026-09-01T00:31:33.815585Z,1788222692200,NOT-USDT-SWAP,sell,long,32776,0.0004664,"{""bkLoss"":""0"",""bkPx"":""0.0004664"",""ccy"":"""",""posSide"":""long"",""side"":""sell"",""sz"":""32776"",""ts"":""1788222692200""}"
2026-09-01T00:31:38.873669Z,1788222697365,DOS-USDT-SWAP,buy,short,312,0.2749,"{""bkLoss"":""0"",""bkPx"":""0.2749"",""ccy"":"""",""posSide"":""short"",""side"":""buy"",""sz"":""312"",""ts"":""1788222697365""}"
2026-09-01T00:31:39.493003Z,1788222698489,DOS-USDT-SWAP,buy,short,207,0.2753,"{""bkLoss"":""0"",""bkPx"":""0.2753"",""ccy"":"""",""posSide"":""short"",""side"":""buy"",""sz"":""207"",""ts"":""1788222698489""}"
2026-09-01T00:32:26.821413Z,1788222745690,H-USDT-SWAP,sell,long,1.7,0.0718,"{""bkLoss"":""0"",""bkPx"":""0.0718"",""ccy"":"""",""posSide"":""long"",""side"":""sell"",""sz"":""1.7"",""ts"":""1788222745690""}"
2026-09-01T00:33:02.478385Z,1788222779481,NOT-USDT-SWAP,sell,long,1312,0.0004655,"{""bkLoss"":""0"",""bkPx"":""0.0004655"",""ccy"":"""",""posSide"":""long"",""side"":""sell"",""sz"":""1312"",""ts"":""1788222779481""}"
2026-09-01T00:34:29.791248Z,1788222869077,AEON-USDT-SWAP,sell,long,1,0.061,"{""bkLoss"":""0"",""bkPx"":""0.061"",""ccy"":"""",""posSide"":""long"",""side"":""sell"",""sz"":""1"",""ts"":""1788222869077""}"
2026-09-01T00:34:36.640469Z,1788222875294,AEON-USDT-SWAP,sell,long,631,0.06089,"{""bkLoss"":""0"",""bkPx"":""0.06089"",""ccy"":"""",""posSide"":""long"",""side"":""sell"",""sz"":""631"",""ts"":""1788222875294""}"
2026-09-01T00:35:01.520688Z,1788222900616,TRUMP-USDT-SWAP,buy,short,4117,2.434,"{""bkLoss"":""0"",""bkPx"":""2.434"",""ccy"":"""",""posSide"":""short"",""side"":""buy"",""sz"":""4117"",""ts"":""1788222900616""}"
2026-09-01T00:36:52.389684Z,1788223011667,ARB-USDT-SWAP,buy,short,1.4,0.11213,"{""bkLoss"":""0"",""bkPx"":""0.11213"",""ccy"":"""",""posSide"":""short"",""side"":""buy"",""sz"":""1.4"",""ts"":""1788223011667""}"
2026-09-01T00:36:54.262023Z,1788223013393,ARB-USDT-SWAP,buy,short,63.4,0.1122,"{""bkLoss"":""0"",""bkPx"":""0.1122"",""ccy"":"""",""posSide"":""short"",""side"":""buy"",""sz"":""63.4"",""ts"":""1788223013393""}"
2026-09-01T00:36:54.887669Z,1788223013293,ZEC-USDT-SWAP,buy,short,1,857.27,"{""bkLoss"":""0"",""bkPx"":""857.27"",""ccy"":"""",""posSide"":""short"",""side"":""buy"",""sz"":""1"",""ts"":""1788223013293""}"
2026-09-01T00:36:58.267963Z,1788223017137,ARB-USDT-SWAP,buy,short,830.1,0.11227,"{""bkLoss"":""0"",""bkPx"":""0.11227"",""ccy"":"""",""posSide"":""short"",""side"":""buy"",""sz"":""830.1"",""ts"":""1788223017137""}"
2026-09-01T00:37:01.919322Z,1788223020722,ARB-USDT-SWAP,buy,short,26.3,0.11232,"{""bkLoss"":""0"",""bkPx"":""0.11232"",""ccy"":"""",""posSide"":""short"",""side"":""buy"",""sz"":""26.3"",""ts"":""1788223020722""}"
2026-09-01T00:37:04.059813Z,1788223023115,ARB-USDT-SWAP,buy,short,898.5,0.11234,"{""bkLoss"":""0"",""bkPx"":""0.11234"",""ccy"":"""",""posSide"":""short"",""side"":""buy"",""sz"":""898.5"",""ts"":""1788223023115""}"
2026-09-01T00:37:05.066400Z,1788223023830,GMT-USDT-SWAP,buy,short,206,0.007358,"{""bkLoss"":""0"",""bkPx"":""0.007358"",""ccy"":"""",""posSide"":""short"",""side"":""buy"",""sz"":""206"",""ts"":""1788223023830""}"
2026-09-01T00:37:05.810985Z,1788223024923,ARB-USDT-SWAP,buy,short,10.5,0.11248,"{""bkLoss"":""0"",""bkPx"":""0.11248"",""ccy"":"""",""posSide"":""short"",""side"":""buy"",""sz"":""10.5"",""ts"":""1788223024923""}"
2026-09-01T00:37:07.107694Z,1788223026054,ARB-USDT-SWAP,buy,short,57.9,0.11251,"{""bkLoss"":""0"",""bkPx"":""0.11251"",""ccy"":"""",""posSide"":""short"",""side"":""buy"",""sz"":""57.9"",""ts"":""1788223026054""}"
2026-09-01T00:37:22.356118Z,1788223041319,ARB-USDT-SWAP,buy,short,7060.8,0.113,"{""bkLoss"":""0"",""bkPx"":""0.113"",""ccy"":"""",""posSide"":""short"",""side"":""buy"",""sz"":""7060.8"",""ts"":""1788223041319""}"
2026-09-01T00:37:22.417332Z,1788223041389,TRUMP-USDT-SWAP,buy,short,301,2.437,"{""bkLoss"":""0"",""bkPx"":""2.437"",""ccy"":"""",""posSide"":""short"",""side"":""buy"",""sz"":""301"",""ts"":""1788223041389""}"
2026-09-01T00:37:23.802818Z,1788223042855,ARB-USDT-SWAP,buy,short,17.5,0.11303,"{""bkLoss"":""0"",""bkPx"":""0.11303"",""ccy"":"""",""posSide"":""short"",""side"":""buy"",""sz"":""17.5"",""ts"":""1788223042855""}"
2026-09-01T00:37:26.651749Z,1788223045839,ARB-USDT-SWAP,buy,short,0.1,0.11329,"{""bkLoss"":""0"",""bkPx"":""0.11329"",""ccy"":"""",""posSide"":""short"",""side"":""buy"",""sz"":""0.1"",""ts"":""1788223045839""}"
2026-09-01T00:37:32.839057Z,1788223051511,TRUMP-USDT-SWAP,buy,short,3618,2.438,"{""bkLoss"":""0"",""bkPx"":""2.438"",""ccy"":"""",""posSide"":""short"",""side"":""buy"",""sz"":""3618"",""ts"":""1788223051511""}"
2026-09-01T00:37:34.354228Z,1788223053610,ARB-USDT-SWAP,buy,short,1782.2,0.11437,"{""bkLoss"":""0"",""bkPx"":""0.11437"",""ccy"":"""",""posSide"":""short"",""side"":""buy"",""sz"":""1782.2"",""ts"":""1788223053610""}"
2026-09-01T00:37:34.650404Z,1788223054091,ARB-USDT-SWAP,buy,short,46.2,0.11464,"{""bkLoss"":""0"",""bkPx"":""0.11464"",""ccy"":"""",""posSide"":""short"",""side"":""buy"",""sz"":""46.2"",""ts"":""1788223054091""}"
2026-09-01T00:37:34.958507Z,1788223053702,USELESS-USDT-SWAP,buy,short,460,0.09259,"{""bkLoss"":""0"",""bkPx"":""0.09259"",""ccy"":"""",""posSide"":""short"",""side"":""buy"",""sz"":""460"",""ts"":""1788223053702""}"
2026-09-01T00:37:35.147347Z,1788223053628,HYPE-USDT-SWAP,sell,long,6000,84.355,"{""bkLoss"":""0"",""bkPx"":""84.355"",""ccy"":"""",""posSide"":""long"",""side"":""sell"",""sz"":""6000"",""ts"":""1788223053628""}"
2026-09-01T00:37:35.313467Z,1788223053595,0G-USDT-SWAP,buy,short,1996,0.2331,"{""bkLoss"":""0"",""bkPx"":""0.2331"",""ccy"":"""",""posSide"":""short"",""side"":""buy"",""sz"":""1996"",""ts"":""1788223053595""}"
2026-09-01T00:37:35.317363Z,1788223053596,NOT-USDT-SWAP,buy,short,9878,0.0004655,"{""bkLoss"":""0"",""bkPx"":""0.0004655"",""ccy"":"""",""posSide"":""short"",""side"":""buy"",""sz"":""9878"",""ts"":""1788223053596""}"
2026-09-01T00:37:37.735012Z,1788223056793,ARB-USDT-SWAP,buy,short,6777.2,0.11501,"{""bkLoss"":""0"",""bkPx"":""0.11501"",""ccy"":"""",""posSide"":""short"",""side"":""buy"",""sz"":""6777.2"",""ts"":""1788223056793""}"
2026-09-01T00:37:38.014664Z,1788223057111,ARB-USDT-SWAP,buy,short,2209.9,0.11508,"{""bkLoss"":""0"",""bkPx"":""0.11508"",""ccy"":"""",""posSide"":""short"",""side"":""buy"",""sz"":""2209.9"",""ts"":""1788223057111""}"
2026-09-01T00:37:39.074273Z,1788223057423,USELESS-USDT-SWAP,buy,short,185,0.09257,"{""bkLoss"":""0"",""bkPx"":""0.09257"",""ccy"":"""",""posSide"":""short"",""side"":""buy"",""sz"":""185"",""ts"":""1788223057423""}"
2026-09-01T00:37:39.082285Z,1788223057423,0G-USDT-SWAP,sell,long,185,0.233,"{""bkLoss"":""0"",""bkPx"":""0.233"",""ccy"":"""",""posSide"":""long"",""side"":""sell"",""sz"":""185"",""ts"":""1788223057423""}"
2026-09-01T00:37:40.379957Z,1788223059431,BZ-USDT-SWAP,buy,short,632,91.06,"{""bkLoss"":""0"",""bkPx"":""91.06"",""ccy"":"""",""posSide"":""short"",""side"":""buy"",""sz"":""632"",""ts"":""1788223059431""}"
2026-09-01T00:38:06.095391Z,1788223085112,ARB-USDT-SWAP,buy,short,95.3,0.1155,"{""bkLoss"":""0"",""bkPx"":""0.1155"",""ccy"":"""",""posSide"":""short"",""side"":""buy"",""sz"":""95.3"",""ts"":""1788223085112""}"
2026-09-01T00:38:06.442579Z,1788223084902,ARB-USDT-SWAP,buy,short,3425.6,0.11546,"{""bkLoss"":""0"",""bkPx"":""0.11546"",""ccy"":"""",""posSide"":""short"",""side"":""buy"",""sz"":""3425.6"",""ts"":""1788223084902""}"
2026-09-01T00:38:09.995709Z,1788223089052,ARB-USDT-SWAP,buy,short,4363.8,0.11568,"{""bkLoss"":""0"",""bkPx"":""0.11568"",""ccy"":"""",""posSide"":""short"",""side"":""buy"",""sz"":""4363.8"",""ts"":""1788223089052""}"
2026-09-01T00:38:10.075720Z,1788223088767,ARB-USDT-SWAP,buy,short,75.7,0.11564,"{""bkLoss"":""0"",""bkPx"":""0.11564"",""ccy"":"""",""posSide"":""short"",""side"":""buy"",""sz"":""75.7"",""ts"":""1788223088767""}"
2026-09-01T00:38:11.394658Z,1788223090319,ARB-USDT-SWAP,buy,short,51,0.11574,"{""bkLoss"":""0"",""bkPx"":""0.11574"",""ccy"":"""",""posSide"":""short"",""side"":""buy"",""sz"":""51"",""ts"":""1788223090319""}"
2026-09-01T00:38:20.665709Z,1788223099722,ARB-USDT-SWAP,buy,short,560.5,0.11575,"{""bkLoss"":""0"",""bkPx"":""0.11575"",""ccy"":"""",""posSide"":""short"",""side"":""buy"",""sz"":""560.5"",""ts"":""1788223099722""}"
2026-09-01T00:38:21.005347Z,1788223100053,ARB-USDT-SWAP,buy,short,2797,0.11588,"{""bkLoss"":""0"",""bkPx"":""0.11588"",""ccy"":"""",""posSide"":""short"",""side"":""buy"",""sz"":""2797"",""ts"":""1788223100053""}"
2026-09-01T00:38:22.170016Z,1788223101431,ARB-USDT-SWAP,buy,short,270,0.11596,"{""bkLoss"":""0"",""bkPx"":""0.11596"",""ccy"":"""",""posSide"":""short"",""side"":""buy"",""sz"":""270"",""ts"":""1788223101431""}"
2026-09-01T00:38:24.148140Z,1788223103379,ARB-USDT-SWAP,buy,short,73.8,0.11602,"{""bkLoss"":""0"",""bkPx"":""0.11602"",""ccy"":"""",""posSide"":""short"",""side"":""buy"",""sz"":""73.8"",""ts"":""1788223103379""}"
2026-09-01T00:38:25.332516Z,1788223103821,OP-USDT-SWAP,buy,short,22749,0.09631,"{""bkLoss"":""0"",""bkPx"":""0.09631"",""ccy"":"""",""posSide"":""short"",""side"":""buy"",""sz"":""22749"",""ts"":""1788223103821""}"
2026-09-01T00:38:29.421507Z,1788223108217,OP-USDT-SWAP,buy,short,2666,0.0966,"{""bkLoss"":""0"",""bkPx"":""0.0966"",""ccy"":"""",""posSide"":""short"",""side"":""buy"",""sz"":""2666"",""ts"":""1788223108217""}"
2026-09-01T00:38:57.398770Z,1788223136140,OP-USDT-SWAP,buy,short,20000,0.09668,"{""bkLoss"":""0"",""bkPx"":""0.09668"",""ccy"":"""",""posSide"":""short"",""side"":""buy"",""sz"":""20000"",""ts"":""1788223136140""}"
2026-09-01T00:39:25.271772Z,1788223164234,OP-USDT-SWAP,buy,short,33382,0.09692,"{""bkLoss"":""0"",""bkPx"":""0.09692"",""ccy"":"""",""posSide"":""short"",""side"":""buy"",""sz"":""33382"",""ts"":""1788223164234""}"
